word,sentence,hint,difficulty,points
Analyze,We need to ______ the results carefully,examine in detail,beginner,10
Collaborate,Teams should ______ to finish the project,work together,beginner,10
Implement,They will ______ the new plan next week,put into action,beginner,10
Innovative,She proposed an ______ solution,creative,beginner,10
Efficient,This method is very ______,saves time and effort,beginner,10
Negotiate,We must ______ the contract terms,discuss to reach agreement,intermediate,10
Adapt,Animals can ______ to new environments,adjust,intermediate,10
Evaluate,Teachers ______ student performance,assess,intermediate,10
Reliable,This source is very ______,can be trusted,intermediate,10
Optimize,Engineers try to ______ system performance,improve efficiency,intermediate,10
Resilient,The city was ______ after the disaster,recovering quickly,advanced,15
Articulate,He can ______ his thoughts clearly,express well,advanced,15
Autonomous,The robot works in an ______ mode,self-operating,advanced,15
Sustainable,We need ______ energy solutions,environment-friendly,advanced,15
Scrutinize,The documents were ______ thoroughly,examine closely,advanced,15
Ethical,Doctors must follow ______ practices,morally correct,advanced,15
Feasible,The plan is ______ within the budget,possible,advanced,15
Versatile,This tool is very ______,useful in many ways,advanced,15
Meticulous,She is ______ about her work,very careful,advanced,15
Hypothesis,The scientist tested a ______,assumption to be tested,advanced,15
